Dose (mg/L),Mean,Std Dev
0,91.16666667,4.535048695
5,88.83333333,7.194905605
7.5,90.8,9.066421565
10,83.5,5.167204273
12.5,77.5,4.806245936
15,48.5,7